0.000000000000000000e+00,0.000000000000000000e+00,0.000000000000000000e+00,5.894522798144283217e-04,1.155788779872147804e-03,0.000000000000000000e+00,0.000000000000000000e+00,2.716103688156428311e-04,5.201049578745765655e-05,0.000000000000000000e+00,9.246310169656079864e-05,0.000000000000000000e+00,0.000000000000000000e+00,1.213578177273094330e-04,0.000000000000000000e+00,1.560314873623729764e-04,0.000000000000000000e+00,6.420406605641523073e-03,9.997572925097746380e-04,0.000000000000000000e+00,0.000000000000000000e+00,3.582945169078887208e-04,0.000000000000000000e+00,3.929681865429522506e-04,1.087019335962452135e-02,0.000000000000000000e+00,0.000000000000000000e+00,2.508061618355220991e-03,8.321679152690471606e-04,0.000000000000000000e+00,0.000000000000000000e+00,1.878156749961964675e-03,9.939783389054598645e-04,0.000000000000000000e+00,8.610626312997957110e-03,0.000000000000000000e+00,0.000000000000000000e+00,0.000000000000000000e+00,1.189306641456073024e-02,0.000000000000000000e+00,1.462072783662303477e-03,0.000000000000000000e+00,0.000000000000000000e+00,4.565365548784890842e-04,0.000000000000000000e+00,4.888986482709092862e-03,1.642375839769220913e-02,0.000000000000000000e+00,7.905595169060536040e-03,0.000000000000000000e+00,7.397048118394589956e-03,8.888015635417917046e-03,1.735994730453617116e-02,7.027195711608346003e-03,4.391997321921500656e-03,5.854070122914079369e-03,3.473145241229931828e-03,0.000000000000000000e+00,1.684562126560535875e-02,1.004958333423382894e-02,1.733683150744918383e-02,1.542400112251270973e-02,1.607702177066267640e-02,1.705366328341573895e-02,5.906080601371261132e-03,2.629419446480695324e-02,0.000000000000000000e+00,2.235295477882017975e-02,9.379225877261743866e-03,1.707677904584217407e-02,0.000000000000000000e+00,1.536621167312093861e-02,0.000000000000000000e+00,1.942880919416529670e-02,0.000000000000000000e+00,2.336426994387803477e-02,2.402884848190635358e-02,4.149281669136605823e-03,1.530264328745512686e-02,8.905352461570311545e-03,0.000000000000000000e+00,3.085956010024322113e-02,1.998936674061869978e-02,3.418823176131940977e-02,1.942303024056098171e-02,4.357323652286436422e-03,2.831682482958321201e-03,2.655424694374424605e-02,0.000000000000000000e+00,2.457784815581167889e-02,6.062112088733634732e-03,2.476855331280911759e-02,0.000000000000000000e+00,2.234717582521586476e-02,3.447717895628744922e-02,1.608280070693671529e-02,2.837461419232360955e-03,2.385548016839158722e-02,0.000000000000000000e+00,2.798164607510175705e-02,1.362097063076463631e-02,0.000000000000000000e+00,3.536713626895744440e-03,0.000000000000000000e+00,0.000000000000000000e+00,4.160839559014961435e-03,3.450029478803498442e-03,0.000000000000000000e+00,0.000000000000000000e+00,1.404283351600806289e-03,0.000000000000000000e+00,2.804521446076756880e-02,0.000000000000000000e+00,2.209290229988289042e-02,0.000000000000000000e+00,2.560072121074788778e-02,0.000000000000000000e+00,2.049213485501060958e-02,1.257498179607171793e-02,1.905317783377473775e-02,0.000000000000000000e+00,2.284994395693804720e-02,2.062505056261627195e-02,1.984489314313468353e-02,1.394459149536773565e-02,0.000000000000000000e+00,2.944371885876406400e-02,0.000000000000000000e+00
0.000000000000000000e+00,0.000000000000000000e+00,0.000000000000000000e+00,0.000000000000000000e+00,0.000000000000000000e+00,0.000000000000000000e+00,0.000000000000000000e+00,0.000000000000000000e+00,0.000000000000000000e+00,0.000000000000000000e+00,0.000000000000000000e+00,0.000000000000000000e+00,0.000000000000000000e+00,0.000000000000000000e+00,0.000000000000000000e+00,0.000000000000000000e+00,0.000000000000000000e+00,2.734623868290363830e-02,1.473495058414809808e-02,0.000000000000000000e+00,4.917095478616025951e-03,0.000000000000000000e+00,0.000000000000000000e+00,0.000000000000000000e+00,1.143510599218138928e-04,0.000000000000000000e+00,0.000000000000000000e+00,0.000000000000000000e+00,0.000000000000000000e+00,4.900760411091822493e-05,0.000000000000000000e+00,0.000000000000000000e+00,9.148084303635252261e-04,0.000000000000000000e+00,0.000000000000000000e+00,2.223311278784393871e-02,0.000000000000000000e+00,1.200686104673552926e-02,1.143510599218138928e-04,0.000000000000000000e+00,0.000000000000000000e+00,2.646410180890710912e-03,6.452666812699538006e-03,2.597402596384187218e-02,0.000000000000000000e+00,0.000000000000000000e+00,5.833537533358336413e-02,0.000000000000000000e+00,0.000000000000000000e+00,6.534345581089566111e-05,0.000000000000000000e+00,0.000000000000000000e+00,1.120640362728283178e-02,3.365188273228141014e-02,1.288899782271008508e-02,2.567998038818734841e-02,6.826758149903726369e-02,0.000000000000000000e+00,2.808135259753445287e-02,2.133464020918039022e-02,2.272318877994213351e-02,0.000000000000000000e+00,2.469982845300194158e-02,2.960058807991798949e-02,1.609082740249890078e-02,0.000000000000000000e+00,0.000000000000000000e+00,6.076941929534142132e-03,0.000000000000000000e+00,0.000000000000000000e+00,0.000000000000000000e+00,1.633585169997744973e-05,0.000000000000000000e+00,0.000000000000000000e+00,1.306869214239884947e-03,7.949032102703104674e-02,3.883035203414101494e-02,0.000000000000000000e+00,0.000000000000000000e+00,3.620027770495028163e-02,0.000000000000000000e+00,1.388548560959546908e-02,2.167769338894583522e-02,0.000000000000000000e+00,1.762639878559339734e-02,2.509188923687830086e-02,2.840806992559991723e-02,1.780609305627118286e-03,0.000000000000000000e+00,0.000000000000000000e+00,5.294453976358011460e-02,0.000000000000000000e+00,0.000000000000000000e+00,3.009066407201618776e-02,9.572817133988468716e-03,3.438699664691222124e-02,9.001061834379398344e-03,2.680715508669452574e-02,0.000000000000000000e+00,2.038716002640592398e-02,4.100302207463351299e-03,0.000000000000000000e+00,0.000000000000000000e+00,0.000000000000000000e+00,0.000000000000000000e+00,0.000000000000000000e+00,0.000000000000000000e+00,9.474801827744660284e-04,0.000000000000000000e+00,0.000000000000000000e+00,0.000000000000000000e+00,2.071387730546040210e-02,0.000000000000000000e+00,0.000000000000000000e+00,0.000000000000000000e+00,4.410683634817851376e-03,0.000000000000000000e+00,3.724577324297954125e-03,0.000000000000000000e+00,3.577554511965199552e-03,0.000000000000000000e+00,1.646655233467528290e-02,0.000000000000000000e+00,1.078167114000651815e-02,0.000000000000000000e+00,0.000000000000000000e+00,1.156579270775923672e-02,0.000000000000000000e+00
0.000000000000000000e+00,3.445837964784937042e-04,8.495772993079867214e-04,1.604096974387180050e-03,2.435851030424201027e-04,0.000000000000000000e+00,0.000000000000000000e+00,1.069397982924786709e-04,3.802303899677992195e-04,0.000000000000000000e+00,0.000000000000000000e+00,1.069397982924786709e-04,0.000000000000000000e+00,1.283277579509743997e-03,1.366453047499414182e-04,0.000000000000000000e+00,0.000000000000000000e+00,4.554447209460241175e-02,8.079895831377138489e-04,0.000000000000000000e+00,0.000000000000000000e+00,1.532803787408569237e-03,0.000000000000000000e+00,9.386937830312504010e-04,6.612444233038148982e-03,0.000000000000000000e+00,7.188730994144501693e-04,0.000000000000000000e+00,0.000000000000000000e+00,8.614594911962343690e-04,0.000000000000000000e+00,0.000000000000000000e+00,1.011175208805704419e-02,0.000000000000000000e+00,0.000000000000000000e+00,1.815600139724312528e-02,0.000000000000000000e+00,3.106007046844198871e-02,8.317539847387716082e-04,0.000000000000000000e+00,0.000000000000000000e+00,2.044926598241185792e-02,5.780690230474815235e-03,0.000000000000000000e+00,0.000000000000000000e+00,1.653408110828673283e-02,3.426826443504091962e-02,0.000000000000000000e+00,1.756189141069037021e-02,7.343199524340846690e-03,7.194672027702658790e-03,1.507257052568133568e-02,7.052085635920873723e-03,9.149293903424737112e-03,1.493592522093139738e-02,3.665064552175746615e-02,2.049085368075756822e-02,6.199537782402229219e-02,2.669336201737045750e-02,7.515491422580094193e-03,2.284947034804850341e-02,0.000000000000000000e+00,1.902340199329576736e-02,1.631426042466993173e-02,1.346253244643775063e-02,0.000000000000000000e+00,0.000000000000000000e+00,1.639743585701047921e-03,7.753135420766108996e-03,2.344952143945766565e-02,0.000000000000000000e+00,2.618242742750911956e-02,6.737207328075280749e-03,2.031262067766191615e-02,1.455569477748990849e-03,2.870145378332649572e-02,2.118596236074639719e-02,0.000000000000000000e+00,0.000000000000000000e+00,3.207005745627641152e-02,1.516762813208556541e-02,0.000000000000000000e+00,0.000000000000000000e+00,9.357232395153290347e-03,0.000000000000000000e+00,1.631426042466993173e-02,0.000000000000000000e+00,1.534586113518121749e-02,0.000000000000000000e+00,1.752624481720106708e-02,0.000000000000000000e+00,1.684895941613232667e-02,0.000000000000000000e+00,2.376439974730325602e-02,1.045633581323728760e-03,9.975106783307102418e-03,0.000000000000000000e+00,9.636464091685014582e-03,0.000000000000000000e+00,2.261776745471889144e-02,0.000000000000000000e+00,0.000000000000000000e+00,0.000000000000000000e+00,0.000000000000000000e+00,0.000000000000000000e+00,1.045633581323728760e-03,0.000000000000000000e+00,2.643789468679066165e-03,0.000000000000000000e+00,6.297565978666243508e-04,3.867656053098447212e-03,2.706765130248184673e-02,0.000000000000000000e+00,2.536849672169044084e-02,1.580332583480859379e-02,0.000000000000000000e+00,1.907093079649788483e-02,0.000000000000000000e+00,0.000000000000000000e+00,1.428240423928827697e-02,0.000000000000000000e+00,1.456163593582000121e-02,0.000000000000000000e+00,2.364557773929797102e-02,0.000000000000000000e+00,0.000000000000000000e+00,0.000000000000000000e+00,2.235635905493182224e-02
7.279801735862579228e-04,0.000000000000000000e+00,0.000000000000000000e+00,3.376321817489182087e-03,5.146066789764498512e-04,0.000000000000000000e+00,0.000000000000000000e+00,0.000000000000000000e+00,7.342558657117459519e-04,0.000000000000000000e+00,0.000000000000000000e+00,2.447519552372487048e-04,0.000000000000000000e+00,1.048040415500970084e-03,0.000000000000000000e+00,0.000000000000000000e+00,1.412030502294098992e-03,1.405754810168610529e-03,0.000000000000000000e+00,6.024663499048895287e-04,0.000000000000000000e+00,0.000000000000000000e+00,2.121183599503892285e-03,1.650506765405859288e-03,0.000000000000000000e+00,3.721484827905846473e-03,1.154727162805873741e-03,0.000000000000000000e+00,0.000000000000000000e+00,3.978788167394072157e-03,0.000000000000000000e+00,0.000000000000000000e+00,2.379114498790469226e-02,0.000000000000000000e+00,0.000000000000000000e+00,8.629075279245007266e-03,0.000000000000000000e+00,2.101728952032039591e-02,0.000000000000000000e+00,0.000000000000000000e+00,0.000000000000000000e+00,1.142803351533125400e-02,1.555116256395476168e-02,0.000000000000000000e+00,5.252753461755826046e-03,1.586494713257238093e-02,1.611597477993511815e-02,0.000000000000000000e+00,1.621011014298904401e-02,8.836173081729327417e-03,1.145313628383320438e-02,1.189243465730379853e-02,1.401989393010478341e-02,2.333301955688602686e-02,2.561737111399582309e-02,0.000000000000000000e+00,3.071323229144284211e-02,5.816938089695238012e-02,8.026608929340118062e-03,1.646741346364887643e-02,2.380369637215566311e-02,0.000000000000000000e+00,4.180237846965451781e-02,0.000000000000000000e+00,7.775581281977382575e-03,0.000000000000000000e+00,0.000000000000000000e+00,1.667451126613319484e-02,1.895886286089977849e-02,2.294392670159094497e-02,0.000000000000000000e+00,2.974050018144772448e-02,8.710659258047960540e-03,4.016442310732802612e-02,2.685368225560464880e-02,0.000000000000000000e+00,0.000000000000000000e+00,9.978348860284225533e-03,1.408265085135966370e-02,0.000000000000000000e+00,0.000000000000000000e+00,2.544792746426443111e-02,0.000000000000000000e+00,2.155699896779880026e-02,0.000000000000000000e+00,1.211835953616458190e-02,3.483008564794086177e-03,9.877937805104809038e-03,0.000000000000000000e+00,1.671216541888612475e-02,7.097806645395028993e-03,0.000000000000000000e+00,1.776020589087227899e-03,6.802849171982269273e-03,0.000000000000000000e+00,4.160783201376438457e-03,0.000000000000000000e+00,1.077536162842245709e-02,1.261413913876456745e-02,0.000000000000000000e+00,1.118328156009400394e-02,0.000000000000000000e+00,0.000000000000000000e+00,0.000000000000000000e+00,0.000000000000000000e+00,3.526938409672502814e-03,0.000000000000000000e+00,0.000000000000000000e+00,0.000000000000000000e+00,0.000000000000000000e+00,0.000000000000000000e+00,2.734318616607914545e-02,0.000000000000000000e+00,7.656343075107923920e-04,3.345570931722808422e-02,0.000000000000000000e+00,0.000000000000000000e+00,2.133107408893801515e-02,0.000000000000000000e+00,2.407982678802035592e-02,3.208760864098400556e-02,0.000000000000000000e+00,1.399479118043122500e-03,3.998242807334567023e-02,0.000000000000000000e+00,1.173554239182338262e-03,4.467664501124662263e-02,0.000000000000000000e+00
1.859183270123730821e-03,0.000000000000000000e+00,4.155821418328349906e-03,0.000000000000000000e+00,6.051459369173936781e-04,0.000000000000000000e+00,0.000000000000000000e+00,6.634732379537207824e-04,0.000000000000000000e+00,0.000000000000000000e+00,1.450892031623875894e-03,0.000000000000000000e+00,0.000000000000000000e+00,2.770547619510319720e-03,0.000000000000000000e+00,7.363824025290862871e-04,0.000000000000000000e+00,3.799295699145332356e-02,1.173108189620448473e-02,0.000000000000000000e+00,0.000000000000000000e+00,0.000000000000000000e+00,7.035732773764587396e-03,0.000000000000000000e+00,1.120613603375771386e-02,0.000000000000000000e+00,0.000000000000000000e+00,0.000000000000000000e+00,0.000000000000000000e+00,7.786696996084190026e-03,0.000000000000000000e+00,0.000000000000000000e+00,2.290076335861164838e-02,0.000000000000000000e+00,0.000000000000000000e+00,0.000000000000000000e+00,0.000000000000000000e+00,1.745445001385214495e-02,4.593276296409237519e-04,0.000000000000000000e+00,0.000000000000000000e+00,2.406001884130536204e-03,0.000000000000000000e+00,8.267897377285149049e-03,0.000000000000000000e+00,8.530370308508533617e-03,1.545673936822146606e-02,0.000000000000000000e+00,5.520680680376786886e-02,1.130820885978837259e-02,0.000000000000000000e+00,1.351006509185759090e-02,2.812105834349831399e-02,2.809189468204301848e-02,1.030935350416164152e-02,0.000000000000000000e+00,6.799507133476115350e-02,1.092179035097429370e-02,9.572971123506815450e-03,6.328514032690794877e-03,6.284768551444983899e-03,0.000000000000000000e+00,1.679826768579368093e-02,2.318510899764654465e-03,8.530370308508533617e-03,0.000000000000000000e+00,0.000000000000000000e+00,7.567969567980876652e-03,1.975108816205676729e-02,1.636810369573379192e-02,0.000000000000000000e+00,4.478808954180604068e-02,1.156339085924223964e-02,3.095722421768874050e-02,2.135508943272662954e-02,0.000000000000000000e+00,1.086346296244092378e-03,1.429748390740200568e-02,9.405280108418832092e-04,1.049162638278866404e-02,0.000000000000000000e+00,2.743571235398455793e-02,1.023644438333479872e-02,0.000000000000000000e+00,0.000000000000000000e+00,1.667432213007724942e-02,0.000000000000000000e+00,1.953965164384871209e-02,0.000000000000000000e+00,0.000000000000000000e+00,0.000000000000000000e+00,5.205713165096150126e-03,4.075621365731986988e-03,0.000000000000000000e+00,0.000000000000000000e+00,6.926369037838669626e-03,9.354243673529240993e-03,0.000000000000000000e+00,0.000000000000000000e+00,1.484430252140881389e-02,0.000000000000000000e+00,1.441413855322318249e-02,0.000000000000000000e+00,0.000000000000000000e+00,0.000000000000000000e+00,4.359967048515408020e-03,0.000000000000000000e+00,0.000000000000000000e+00,0.000000000000000000e+00,0.000000000000000000e+00,2.247789030032127169e-02,0.000000000000000000e+00,1.152693628789168596e-02,3.660039217336873672e-03,1.715552251127821018e-02,7.531514974756063630e-03,0.000000000000000000e+00,0.000000000000000000e+00,1.763672287060490812e-02,4.158737797598435759e-02,0.000000000000000000e+00,2.131863483950181826e-02,5.767113598893472935e-03,4.704098223063911399e-02,2.178525340091226267e-02,1.108219047804127975e-03,3.040311467191241304e-02,0.000000000000000000e+00
3.210102663437369112e-03,0.000000000000000000e+00,0.000000000000000000e+00,3.007663752825746450e-03,3.759579727184560812e-04,0.000000000000000000e+00,0.000000000000000000e+00,0.000000000000000000e+00,5.687569241878483346e-04,0.000000000000000000e+00,7.615558756572406423e-04,0.000000000000000000e+00,0.000000000000000000e+00,1.243553283252623286e-03,1.185713586243044909e-03,0.000000000000000000e+00,0.000000000000000000e+00,5.129416301668991013e-02,6.005687575431165395e-03,0.000000000000000000e+00,0.000000000000000000e+00,1.426712304501687005e-03,0.000000000000000000e+00,3.219742622579599683e-03,5.099532457249977835e-03,0.000000000000000000e+00,3.026943642188305392e-03,0.000000000000000000e+00,0.000000000000000000e+00,5.764688857172522649e-03,1.070034221145789704e-03,0.000000000000000000e+00,2.537234299093230755e-02,0.000000000000000000e+00,0.000000000000000000e+00,6.622644237486361753e-03,0.000000000000000000e+00,8.907311893379985662e-03,0.000000000000000000e+00,0.000000000000000000e+00,0.000000000000000000e+00,3.412541574048992207e-03,5.350171105728948953e-03,7.162481313169421007e-03,0.000000000000000000e+00,8.714512941910591837e-03,3.205282689650634786e-02,0.000000000000000000e+00,6.735431629301898149e-02,1.185713597811805485e-02,0.000000000000000000e+00,2.191160167901596775e-02,2.110184603656947711e-02,4.075769990819660960e-02,1.496119920667849865e-02,0.000000000000000000e+00,5.638405551479766520e-02,0.000000000000000000e+00,5.899648140554237911e-03,6.979322320842258620e-03,6.728683672363288369e-03,0.000000000000000000e+00,3.111775198766417519e-02,7.933677176890793770e-03,1.367908614470075834e-02,0.000000000000000000e+00,0.000000000000000000e+00,7.162481342091323207e-03,0.000000000000000000e+00,2.352147300476671934e-02,0.000000000000000000e+00,4.517279607616148107e-02,1.331276810220262917e-02,5.448498576184281766e-02,0.000000000000000000e+00,0.000000000000000000e+00,1.333204802048709031e-02,0.000000000000000000e+00,0.000000000000000000e+00,1.164505710836420162e-02,0.000000000000000000e+00,4.646454898159384922e-03,0.000000000000000000e+00,4.675374746664174436e-03,0.000000000000000000e+00,1.709162768982784922e-02,0.000000000000000000e+00,0.000000000000000000e+00,1.984865279417462325e-02,0.000000000000000000e+00,0.000000000000000000e+00,7.143201423806862065e-03,4.347616540734968414e-03,0.000000000000000000e+00,0.000000000000000000e+00,2.718465325621658314e-03,0.000000000000000000e+00,1.303320963414077160e-02,1.397792453104707532e-02,1.079674180288020275e-03,0.000000000000000000e+00,9.476068817567833563e-03,0.000000000000000000e+00,2.352147312045432641e-03,0.000000000000000000e+00,4.000578387599399051e-03,0.000000000000000000e+00,2.429266869495667978e-03,0.000000000000000000e+00,0.000000000000000000e+00,1.788210344291178006e-02,2.375283173496122932e-02,0.000000000000000000e+00,0.000000000000000000e+00,2.694365450903603992e-02,0.000000000000000000e+00,0.000000000000000000e+00,1.674458956561418119e-02,0.000000000000000000e+00,2.278883694869236406e-02,0.000000000000000000e+00,2.177664239563425336e-02,0.000000000000000000e+00,3.406757604348033958e-02,2.489998554247915483e-02,0.000000000000000000e+00,4.417024148224560354e-02,0.000000000000000000e+00
6.040998220149616099e-04,0.000000000000000000e+00,0.000000000000000000e+00,1.080667472807552874e-03,0.000000000000000000e+00,2.295579323656854204e-03,0.000000000000000000e+00,2.154622698520029713e-03,0.000000000000000000e+00,0.000000000000000000e+00,5.839631612811295707e-04,0.000000000000000000e+00,0.000000000000000000e+00,5.235531790796333447e-04,0.000000000000000000e+00,7.651931078856180320e-04,0.000000000000000000e+00,3.752131129491343559e-02,1.163898994443062461e-02,0.000000000000000000e+00,0.000000000000000000e+00,1.369292929900579533e-03,1.255185192454814263e-03,7.047831256841219144e-04,8.128498749786621305e-03,0.000000000000000000e+00,0.000000000000000000e+00,0.000000000000000000e+00,3.013786903255429722e-03,7.846585499512972323e-03,0.000000000000000000e+00,9.558201661888697173e-03,8.947389612916509249e-03,0.000000000000000000e+00,0.000000000000000000e+00,2.342564872081745464e-03,5.262380698625242388e-03,1.467291350841988529e-02,2.722476541283018123e-02,0.000000000000000000e+00,0.000000000000000000e+00,7.457276718612936180e-03,7.510974473857204466e-03,1.919694996671272207e-03,0.000000000000000000e+00,3.264823939732608427e-02,1.511592004456419232e-02,0.000000000000000000e+00,2.901021599118400879e-02,0.000000000000000000e+00,1.269952073636649789e-02,2.273429004904778741e-02,1.802902364415046380e-02,2.673477332826098771e-02,9.464230544901066017e-04,2.824502288329839086e-02,1.037038031819920679e-02,6.920299105756697218e-03,0.000000000000000000e+00,4.866359690767978197e-03,6.329623717518340249e-03,0.000000000000000000e+00,8.289592035657275884e-03,7.081392371489504678e-03,3.007074676298203408e-03,1.016901371086088510e-02,0.000000000000000000e+00,7.658643325951256138e-03,7.081392371489504678e-03,1.505551006236269772e-02,0.000000000000000000e+00,1.808272139939473208e-02,3.476930100133567274e-03,2.590245801121664193e-02,1.706917615588375223e-02,0.000000000000000000e+00,2.386194305014237987e-02,7.920419955766770355e-04,0.000000000000000000e+00,2.393577748625833057e-02,0.000000000000000000e+00,8.276167581742821522e-03,1.879421675203607912e-03,1.435743914349795272e-02,2.174759359253861969e-03,0.000000000000000000e+00,0.000000000000000000e+00,1.891503671643907092e-02,0.000000000000000000e+00,1.440442469192284441e-02,0.000000000000000000e+00,1.138392558184803463e-02,8.994375060652154506e-04,0.000000000000000000e+00,0.000000000000000000e+00,1.854586459627286660e-02,4.671705310386885419e-03,1.448497133485817170e-02,3.031909895902093824e-02,0.000000000000000000e+00,0.000000000000000000e+00,8.430548660794101243e-03,0.000000000000000000e+00,2.530507045643460781e-03,0.000000000000000000e+00,5.121424073488417897e-03,0.000000000000000000e+00,0.000000000000000000e+00,1.550522882546422759e-02,0.000000000000000000e+00,2.025748077878644290e-02,2.166704703015468608e-02,0.000000000000000000e+00,4.041427821362802292e-02,0.000000000000000000e+00,1.569988320584532124e-02,0.000000000000000000e+00,2.522452377322358455e-02,0.000000000000000000e+00,2.441905734387029778e-02,0.000000000000000000e+00,2.364715200902745354e-02,1.239075861853963789e-02,3.682995260300592211e-02,2.639245009578583892e-02,0.000000000000000000e+00,3.066142219149608356e-02,0.000000000000000000e+00
3.375551569213818513e-03,0.000000000000000000e+00,0.000000000000000000e+00,0.000000000000000000e+00,0.000000000000000000e+00,1.423166860995736093e-03,0.000000000000000000e+00,8.224331244266150798e-04,0.000000000000000000e+00,0.000000000000000000e+00,9.297069906309962661e-04,0.000000000000000000e+00,0.000000000000000000e+00,2.002445931604712910e-04,8.009783297295923043e-04,0.000000000000000000e+00,0.000000000000000000e+00,1.860129157534939209e-02,1.627702408804382675e-02,0.000000000000000000e+00,0.000000000000000000e+00,1.258680244692871519e-03,6.794012599084804215e-04,0.000000000000000000e+00,9.440101835196538019e-03,0.000000000000000000e+00,4.405380856425050208e-03,0.000000000000000000e+00,0.000000000000000000e+00,4.569867472727914999e-03,0.000000000000000000e+00,0.000000000000000000e+00,1.929499601741845385e-02,0.000000000000000000e+00,0.000000000000000000e+00,2.224145212181474936e-03,0.000000000000000000e+00,2.440123292844900704e-02,2.290655015665035363e-02,0.000000000000000000e+00,0.000000000000000000e+00,5.957276378322190480e-03,1.301589797611468063e-02,0.000000000000000000e+00,0.000000000000000000e+00,2.460147752160947790e-02,1.891596162579453275e-02,0.000000000000000000e+00,3.231804562752571552e-02,0.000000000000000000e+00,8.417424139065597319e-03,3.221077176132133846e-02,2.324982659287281109e-02,1.065587251195150922e-02,1.759291706137903425e-03,2.694719978215592143e-02,1.079890437646964345e-02,6.636677659686817873e-03,0.000000000000000000e+00,0.000000000000000000e+00,1.729255019309447472e-02,0.000000000000000000e+00,3.997740100479962519e-03,8.174269999423371819e-03,2.376474121502228018e-02,0.000000000000000000e+00,0.000000000000000000e+00,1.478949288586931497e-02,0.000000000000000000e+00,1.475373493046785479e-02,0.000000000000000000e+00,1.749994635587909242e-02,4.791566839129263178e-03,3.029414500850471578e-02,4.169378307863119172e-03,1.361663175559609321e-02,2.644658834216703780e-02,0.000000000000000000e+00,0.000000000000000000e+00,1.749994637733523484e-02,0.000000000000000000e+00,0.000000000000000000e+00,1.446767122288773050e-02,1.403857569370176722e-02,0.000000000000000000e+00,2.219854251096455705e-02,0.000000000000000000e+00,1.089902667304987888e-02,0.000000000000000000e+00,1.335917441233713983e-02,0.000000000000000000e+00,5.599696781395292582e-03,0.000000000000000000e+00,1.152121520431602375e-02,1.126375788251321626e-02,2.960759222188438528e-03,2.796272584429427416e-03,1.688490941569324028e-02,1.673472598155095747e-02,2.760514629027966804e-03,4.956053455432127101e-03,1.487531202174511126e-03,0.000000000000000000e+00,5.006114614450317760e-03,0.000000000000000000e+00,0.000000000000000000e+00,0.000000000000000000e+00,1.582647376416083940e-02,7.330382101755882236e-03,0.000000000000000000e+00,2.542391062457994774e-02,2.606755392908696733e-02,8.038389747441677946e-03,8.882277645109168396e-03,3.294738572841601071e-02,7.437655989416409527e-03,2.663252973171077384e-02,0.000000000000000000e+00,2.468729661457298372e-02,0.000000000000000000e+00,0.000000000000000000e+00,2.945740870191751806e-02,0.000000000000000000e+00,2.985789784532616800e-02,3.183173732678512557e-02,0.000000000000000000e+00,2.445844567854749130e-02,0.000000000000000000e+00
6.745719866938310267e-04,0.000000000000000000e+00,0.000000000000000000e+00,1.845316752012522406e-03,0.000000000000000000e+00,2.553338577674642545e-03,0.000000000000000000e+00,1.103845053929731991e-03,0.000000000000000000e+00,6.076722753048716379e-04,1.209769594174552737e-03,0.000000000000000000e+00,0.000000000000000000e+00,0.000000000000000000e+00,1.025795412944200454e-03,0.000000000000000000e+00,0.000000000000000000e+00,7.347817118903229687e-03,1.139524900561383371e-02,0.000000000000000000e+00,1.271094315675939772e-03,1.466218443229055056e-03,6.466971041607328871e-04,5.853723826593456355e-04,6.885094195972848649e-03,0.000000000000000000e+00,4.688554017709956057e-03,0.000000000000000000e+00,0.000000000000000000e+00,6.645370266402490615e-03,0.000000000000000000e+00,0.000000000000000000e+00,1.606150311395207475e-02,0.000000000000000000e+00,1.878766590980811410e-03,1.148444855946974740e-03,0.000000000000000000e+00,2.413406701145394753e-02,1.483500861701956761e-02,0.000000000000000000e+00,0.000000000000000000e+00,8.752710840630896841e-03,1.456740980491611284e-02,0.000000000000000000e+00,0.000000000000000000e+00,9.995930257047546535e-03,3.693420970534306430e-02,0.000000000000000000e+00,3.286447792598693601e-02,0.000000000000000000e+00,8.858635347423336748e-03,1.899951499029775559e-02,3.568541531576503723e-02,5.558250131956902693e-03,1.686987448997144187e-02,2.367134407179737401e-02,1.350816455300362165e-02,0.000000000000000000e+00,0.000000000000000000e+00,0.000000000000000000e+00,1.489633333852095377e-02,0.000000000000000000e+00,1.276669288837321272e-03,1.700924888591074172e-02,1.844201747344531919e-02,0.000000000000000000e+00,0.000000000000000000e+00,1.715977321144661685e-02,8.027964028579869220e-04,1.251581899575390094e-02,0.000000000000000000e+00,2.947489310648601646e-02,4.231406067940957604e-03,3.630981251055405423e-02,1.795141960107707628e-03,1.462873452641750074e-02,3.731888300401410563e-02,0.000000000000000000e+00,0.000000000000000000e+00,1.595557860715963311e-02,0.000000000000000000e+00,1.414928668400297282e-02,0.000000000000000000e+00,1.169072268352419793e-02,0.000000000000000000e+00,2.159187838010206972e-02,0.000000000000000000e+00,1.525870671109408848e-02,0.000000000000000000e+00,1.770612076525010167e-02,0.000000000000000000e+00,1.340224002948499187e-02,1.187469684802835990e-03,5.892748621996936331e-03,0.000000000000000000e+00,7.152692991350113536e-03,2.141905416192067119e-02,0.000000000000000000e+00,2.949719299913154333e-02,2.653688128031891046e-03,3.294810259031242649e-03,5.123402074833429375e-03,2.904562003925012081e-03,0.000000000000000000e+00,0.000000000000000000e+00,0.000000000000000000e+00,0.000000000000000000e+00,1.576602945276790041e-02,0.000000000000000000e+00,2.425671645445672334e-02,0.000000000000000000e+00,2.138002931633861681e-02,0.000000000000000000e+00,4.448830091484836519e-02,1.531445645943409206e-02,1.053112786452826966e-02,1.264404341191805586e-02,1.120569985122209927e-02,0.000000000000000000e+00,2.186505214864071719e-02,7.765940239816366240e-03,8.066988907614302054e-03,0.000000000000000000e+00,3.290350275484280052e-02,2.622468264947202046e-02,0.000000000000000000e+00,0.000000000000000000e+00,1.857024188960947411e-02
2.203021826304909635e-04,0.000000000000000000e+00,0.000000000000000000e+00,2.149289662131857129e-03,7.898639482541159858e-04,0.000000000000000000e+00,0.000000000000000000e+00,2.643626288291196520e-03,0.000000000000000000e+00,6.770262390576874427e-04,0.000000000000000000e+00,0.000000000000000000e+00,1.783910420214276666e-03,5.910546441895534354e-05,0.000000000000000000e+00,9.188213324958749125e-04,0.000000000000000000e+00,6.055623614028812600e-03,1.041868162235296338e-02,0.000000000000000000e+00,0.000000000000000000e+00,6.340404496840624420e-04,1.149869970530214332e-03,0.000000000000000000e+00,9.333290352004071019e-03,0.000000000000000000e+00,6.888473367777436102e-03,0.000000000000000000e+00,0.000000000000000000e+00,8.226406170847480603e-03,0.000000000000000000e+00,0.000000000000000000e+00,1.895673480646143869e-02,0.000000000000000000e+00,0.000000000000000000e+00,4.637092435732115964e-03,0.000000000000000000e+00,3.158381157148609786e-02,3.847228487477999653e-03,0.000000000000000000e+00,0.000000000000000000e+00,9.591205104366704731e-03,1.277215380819086629e-02,0.000000000000000000e+00,0.000000000000000000e+00,9.833000165563124135e-04,4.105680571477313134e-02,0.000000000000000000e+00,3.150321319625944833e-02,0.000000000000000000e+00,7.694456974955999305e-03,1.479248608608096406e-02,3.652717778471683413e-02,8.070582672277427927e-03,1.872031293266472954e-02,1.835493369074715081e-02,2.115975669724988115e-02,0.000000000000000000e+00,0.000000000000000000e+00,0.000000000000000000e+00,1.565220193803699977e-02,0.000000000000000000e+00,1.232617619104663283e-02,0.000000000000000000e+00,3.185784598277317803e-02,0.000000000000000000e+00,0.000000000000000000e+00,1.955853590605483722e-02,0.000000000000000000e+00,1.755432328708918591e-02,0.000000000000000000e+00,2.808584261863857762e-02,0.000000000000000000e+00,3.698927504466462818e-02,3.277666721854374278e-03,2.090721516452873421e-02,2.184752939171141772e-02,1.108496142212768605e-02,0.000000000000000000e+00,1.704924022164688163e-02,0.000000000000000000e+00,1.380918606952465100e-02,0.000000000000000000e+00,1.268080899368124841e-02,0.000000000000000000e+00,1.821522986722242873e-02,0.000000000000000000e+00,1.318589205912355442e-02,1.271842156341339292e-02,7.012057516256829312e-03,3.997678766406571188e-03,1.054763900659472231e-02,8.812087627637322455e-04,6.829367887237597877e-03,0.000000000000000000e+00,1.470651450733371363e-02,1.282051281720597222e-02,0.000000000000000000e+00,2.781718142699297555e-02,8.382229733901072448e-04,6.157714883942276042e-03,2.923033935340642406e-03,5.373219641482091406e-06,1.020912586288455189e-03,0.000000000000000000e+00,7.844907253884571274e-03,0.000000000000000000e+00,1.449158552822382012e-02,0.000000000000000000e+00,2.096632062894768569e-02,0.000000000000000000e+00,1.854299652328697881e-02,8.355363555089239530e-03,1.762954842655347146e-02,3.363638318334596922e-02,8.006104036579642525e-04,4.454402822833767803e-03,2.162722719296004265e-02,6.071743353557679333e-04,2.236873213219905260e-02,8.924925320712866206e-03,1.196617018489141808e-02,6.093236183760954508e-03,2.767210436770588949e-02,0.000000000000000000e+00,0.000000000000000000e+00,3.946095815934044793e-02,0.000000000000000000e+00
2.066441503275960698e-04,0.000000000000000000e+00,0.000000000000000000e+00,4.676683479433618620e-04,0.000000000000000000e+00,2.121365375346733265e-02,0.000000000000000000e+00,2.441663814880607169e-03,0.000000000000000000e+00,9.244606896921394408e-04,9.951547462721853712e-04,0.000000000000000000e+00,0.000000000000000000e+00,2.719001548646020675e-05,0.000000000000000000e+00,6.960645106601260918e-04,0.000000000000000000e+00,5.655524200098678393e-03,8.798690528736701627e-03,0.000000000000000000e+00,1.234426915183533613e-03,4.078502975579001064e-04,4.078502975579001064e-04,0.000000000000000000e+00,9.108656770543347575e-03,0.000000000000000000e+00,6.362464716953388118e-03,0.000000000000000000e+00,0.000000000000000000e+00,8.526790324926354289e-03,0.000000000000000000e+00,0.000000000000000000e+00,2.152905796574077282e-02,0.000000000000000000e+00,5.285739924221822574e-03,6.188448585209544925e-03,0.000000000000000000e+00,3.800077220260698191e-02,0.000000000000000000e+00,0.000000000000000000e+00,0.000000000000000000e+00,9.647019142436255232e-03,1.376358822127255084e-02,0.000000000000000000e+00,0.000000000000000000e+00,1.116966028703726514e-02,2.418280395036151789e-02,0.000000000000000000e+00,3.453132562287043739e-02,0.000000000000000000e+00,1.103371019328971449e-02,1.758650505127882374e-02,1.845114769058549958e-02,1.549287349988590426e-02,6.911703127671380356e-03,1.262160737505822750e-02,2.327465725364600418e-02,0.000000000000000000e+00,0.000000000000000000e+00,0.000000000000000000e+00,1.515571724259279912e-02,0.000000000000000000e+00,1.664573033597956109e-02,0.000000000000000000e+00,3.398752523156498700e-03,1.928860031440571970e-02,0.000000000000000000e+00,1.647715222364825455e-02,8.836756550417747269e-03,1.636295415860512109e-02,0.000000000000000000e+00,2.241545263375186933e-02,0.000000000000000000e+00,2.760874648900447231e-02,5.742532265970599556e-03,2.523233871129137301e-02,2.033269707223828507e-02,1.163732858603487791e-03,0.000000000000000000e+00,1.767351311715074230e-02,0.000000000000000000e+00,1.120228830562101756e-02,0.000000000000000000e+00,1.527535332704847357e-02,0.000000000000000000e+00,2.376407763029378395e-02,0.000000000000000000e+00,1.927228628879859226e-02,0.000000000000000000e+00,9.744903230818011478e-03,0.000000000000000000e+00,1.444333872264079617e-02,0.000000000000000000e+00,1.059866986393010434e-02,0.000000000000000000e+00,9.848225305981809716e-03,0.000000000000000000e+00,1.873936192000297610e-02,0.000000000000000000e+00,1.562338559053616342e-02,3.654338717674972432e-03,3.306306454187285179e-03,0.000000000000000000e+00,3.447694551032127758e-03,0.000000000000000000e+00,1.082162802354957702e-02,0.000000000000000000e+00,1.095214013051508568e-02,0.000000000000000000e+00,0.000000000000000000e+00,2.167588408199815769e-02,2.970237804039739873e-02,2.757068043469293375e-03,1.961488056550423839e-02,1.106633821187346517e-02,2.067529134894392773e-02,2.470485232927779884e-02,0.000000000000000000e+00,3.263890021870782809e-02,2.216530444233068622e-02,0.000000000000000000e+00,3.289992441632359071e-02,2.279611291582330640e-02,0.000000000000000000e+00,9.048838720157886470e-03,0.000000000000000000e+00,0.000000000000000000e+00,1.608017793228494127e-02
3.002952889067185462e-04,0.000000000000000000e+00,0.000000000000000000e+00,1.039911462509326111e-03,6.005905778134370925e-04,1.273474476115165005e-03,0.000000000000000000e+00,3.926082869799972508e-03,0.000000000000000000e+00,8.730807575728737188e-04,0.000000000000000000e+00,0.000000000000000000e+00,1.234547309961567599e-03,0.000000000000000000e+00,0.000000000000000000e+00,9.175689355453756600e-04,0.000000000000000000e+00,5.599951064457428691e-03,8.386024042112503324e-03,0.000000000000000000e+00,1.857381985103382727e-03,5.282972740093997517e-04,7.729823279373008700e-04,0.000000000000000000e+00,1.020447884437803397e-02,0.000000000000000000e+00,3.019635974576659072e-03,4.660138031583676080e-03,5.410876245508345651e-03,0.000000000000000000e+00,0.000000000000000000e+00,0.000000000000000000e+00,2.275570976503099932e-02,0.000000000000000000e+00,0.000000000000000000e+00,1.260128014381287770e-02,0.000000000000000000e+00,0.000000000000000000e+00,2.490782602722219768e-02,0.000000000000000000e+00,0.000000000000000000e+00,7.907775974578762010e-03,1.130000055855043088e-02,0.000000000000000000e+00,0.000000000000000000e+00,4.749114404212933550e-03,3.933868303030692293e-02,0.000000000000000000e+00,3.683066126091444348e-02,5.950295493102794033e-04,1.158917380713508742e-02,1.837362295839417223e-02,2.208282588341352673e-02,2.043676281458760291e-02,6.256151877249684079e-03,1.298499079352995189e-02,1.822347532228293931e-02,0.000000000000000000e+00,0.000000000000000000e+00,0.000000000000000000e+00,1.691107366332992440e-02,0.000000000000000000e+00,1.399153611838883406e-02,0.000000000000000000e+00,2.694316077426834460e-02,0.000000000000000000e+00,0.000000000000000000e+00,1.325191994478622758e-02,1.518159521700939742e-02,1.174488247174947791e-02,0.000000000000000000e+00,3.175344644196325533e-02,2.040895775549308403e-03,4.192455914869084449e-02,1.746161498461494066e-03,2.157121169491359874e-02,1.482568970980811286e-02,7.902214962759857367e-03,0.000000000000000000e+00,1.451427236389507894e-02,0.000000000000000000e+00,1.430851447612077609e-02,0.000000000000000000e+00,1.019335680405597175e-02,8.691880342838124995e-03,2.197160543014014394e-02,1.128887851822836953e-03,1.723917407806817639e-02,0.000000000000000000e+00,1.025452806753794806e-02,0.000000000000000000e+00,1.726141817539655551e-02,0.000000000000000000e+00,1.115541393425810435e-02,0.000000000000000000e+00,1.048253003595637708e-02,3.976132092959885726e-03,1.223981359142418436e-02,0.000000000000000000e+00,2.263336725475130137e-02,4.487746281459812844e-03,0.000000000000000000e+00,0.000000000000000000e+00,0.000000000000000000e+00,4.682382128912053465e-03,9.275787851826342717e-03,0.000000000000000000e+00,1.208410492680979387e-02,0.000000000000000000e+00,2.291141844632964275e-02,0.000000000000000000e+00,1.975275689264806636e-02,1.519827830251887016e-02,1.031013830251676505e-02,2.845019824730509600e-02,1.084399658834506869e-02,0.000000000000000000e+00,1.603799290575705014e-02,0.000000000000000000e+00,5.276299474190127015e-02,1.323523687596100777e-02,1.697224492681189897e-02,2.326176295839627386e-02,0.000000000000000000e+00,0.000000000000000000e+00,0.000000000000000000e+00,2.235531606317296346e-02,0.000000000000000000e+00
8.713964798531379679e-05,0.000000000000000000e+00,0.000000000000000000e+00,4.066516688115143154e-04,0.000000000000000000e+00,2.541572902838693426e-04,0.000000000000000000e+00,4.916128076232363815e-03,0.000000000000000000e+00,3.921283832539869743e-04,0.000000000000000000e+00,0.000000000000000000e+00,1.154600254105594840e-03,7.261631885455284025e-06,0.000000000000000000e+00,7.334253215231700731e-04,0.000000000000000000e+00,2.672282342136738861e-03,8.343620657335255181e-03,0.000000000000000000e+00,9.512744088065294267e-04,0.000000000000000000e+00,0.000000000000000000e+00,5.809309865687587582e-05,1.339771984832435411e-02,0.000000000000000000e+00,7.123665672687329829e-03,0.000000000000000000e+00,8.474330118419918373e-03,0.000000000000000000e+00,2.737637072679070024e-03,0.000000000000000000e+00,1.784910317887494421e-02,0.000000000000000000e+00,4.589354445307325218e-03,2.222060860225875869e-03,0.000000000000000000e+00,0.000000000000000000e+00,3.411516956096303371e-02,0.000000000000000000e+00,0.000000000000000000e+00,1.243918378584575254e-02,1.546728633002258588e-02,0.000000000000000000e+00,0.000000000000000000e+00,1.133541502029819341e-02,3.553118871545133534e-02,0.000000000000000000e+00,4.134049812361996479e-02,0.000000000000000000e+00,1.055841986388906042e-02,2.063031008643997910e-02,1.491540193635549835e-02,1.508968123232612597e-02,1.195265412272099662e-02,1.831384794634333471e-02,1.589572289449046535e-02,0.000000000000000000e+00,0.000000000000000000e+00,0.000000000000000000e+00,1.632415945895834483e-02,0.000000000000000000e+00,1.320165565669736106e-02,0.000000000000000000e+00,3.349793043675361459e-02,3.362137828773943422e-03,0.000000000000000000e+00,1.590298454816253815e-02,1.164040375556686831e-02,1.490087865079797042e-02,0.000000000000000000e+00,1.856074358295512969e-02,0.000000000000000000e+00,2.993246676268060402e-02,7.254375111985375373e-03,2.316462133560660136e-02,8.866458501673904480e-03,1.235930579153251066e-02,0.000000000000000000e+00,1.035509404037661049e-02,1.750054460872030662e-03,1.147338600433522697e-03,1.632415943717172718e-02,1.800885927643451319e-03,0.000000000000000000e+00,1.564882723609205273e-02,7.043787721947320640e-04,1.325974875535423578e-02,9.803209581349674358e-04,5.867402506825511108e-03,0.000000000000000000e+00,5.562413771556837076e-03,0.000000000000000000e+00,4.480429879879029194e-03,0.000000000000000000e+00,9.215017071828542072e-03,8.394452124106676488e-03,7.000217843488122649e-03,1.226490451166174257e-02,1.423280808160374850e-03,5.431704310472174752e-03,0.000000000000000000e+00,0.000000000000000000e+00,1.190908435319488210e-03,0.000000000000000000e+00,0.000000000000000000e+00,1.492992520012640864e-02,0.000000000000000000e+00,0.000000000000000000e+00,0.000000000000000000e+00,2.104422336535033064e-02,2.499455376900525452e-02,1.455958171252878970e-02,8.605039579504581565e-03,3.343257568442466188e-02,1.718829424156617658e-02,4.416527484428435513e-02,0.000000000000000000e+00,2.904654932843793791e-05,3.004139134989551596e-02,0.000000000000000000e+00,2.862537215183398251e-02,3.207464962859323671e-02,0.000000000000000000e+00,2.863989543739151045e-02,0.000000000000000000e+00,0.000000000000000000e+00,3.594510201614830452e-02
0.000000000000000000e+00,1.126925647899619889e-04,0.000000000000000000e+00,3.718854519733606691e-04,0.000000000000000000e+00,6.029052106380337504e-04,0.000000000000000000e+00,3.527277232282256900e-03,0.000000000000000000e+00,8.733673728959506647e-04,0.000000000000000000e+00,0.000000000000000000e+00,2.090447052341516156e-03,0.000000000000000000e+00,0.000000000000000000e+00,1.267791341208307585e-03,0.000000000000000000e+00,7.939191095629962239e-03,7.803959997595985056e-03,0.000000000000000000e+00,5.690974530345591564e-04,0.000000000000000000e+00,0.000000000000000000e+00,0.000000000000000000e+00,1.135377576312225807e-02,0.000000000000000000e+00,8.722404403169927573e-03,0.000000000000000000e+00,8.857635484298886572e-03,0.000000000000000000e+00,0.000000000000000000e+00,0.000000000000000000e+00,2.493886428879973916e-02,0.000000000000000000e+00,0.000000000000000000e+00,1.153408386002418955e-02,0.000000000000000000e+00,0.000000000000000000e+00,2.630244430754375903e-02,0.000000000000000000e+00,0.000000000000000000e+00,1.122417931107804780e-02,1.170875732784137230e-02,0.000000000000000000e+00,0.000000000000000000e+00,1.623336375597904044e-02,1.999729537601071735e-02,0.000000000000000000e+00,3.157645626871290190e-02,0.000000000000000000e+00,9.590137146981128971e-03,1.578822814280895701e-02,6.085398431037868268e-03,1.598544012696513639e-02,2.283714797828872642e-02,6.338956689136517574e-03,1.630661391717575653e-02,0.000000000000000000e+00,0.000000000000000000e+00,0.000000000000000000e+00,1.884219661649738989e-02,0.000000000000000000e+00,1.505009183413694683e-02,0.000000000000000000e+00,2.215535796046420522e-02,0.000000000000000000e+00,0.000000000000000000e+00,2.081995110404894628e-02,8.626615742539232162e-03,1.835198395374430108e-02,0.000000000000000000e+00,1.893798527712808530e-02,0.000000000000000000e+00,2.772800522931500450e-02,3.611796651648473914e-03,2.132143300806651348e-02,9.201347807753520666e-03,1.289202924968346070e-02,0.000000000000000000e+00,1.359072315476222981e-02,0.000000000000000000e+00,1.658271069161340247e-02,0.000000000000000000e+00,1.558538152956803237e-02,0.000000000000000000e+00,2.207647317018273520e-02,2.332736069175687498e-03,1.279060594306299925e-02,1.019304235761916283e-02,0.000000000000000000e+00,3.521642620102527228e-03,1.018177309944966365e-02,0.000000000000000000e+00,3.989316749611603388e-03,0.000000000000000000e+00,1.509516886681494009e-02,4.389375347008709141e-03,1.462186010822111651e-02,2.025085365101438745e-02,6.536168724007756278e-04,5.803667010610452821e-03,1.870696551846341227e-03,1.752369357971630135e-03,0.000000000000000000e+00,0.000000000000000000e+00,9.792983760222055342e-03,1.422743613990875775e-02,0.000000000000000000e+00,0.000000000000000000e+00,2.393590046385957876e-02,0.000000000000000000e+00,2.099462455496110824e-02,8.108229951267415317e-03,1.972683321375279936e-02,1.790121369458445161e-02,1.138194890854600343e-02,4.597856589334385971e-03,1.836325321191379853e-02,0.000000000000000000e+00,6.532787900913353263e-02,4.237240378625503970e-03,2.468530603070108811e-02,0.000000000000000000e+00,3.626446690649825361e-02,2.380630402872039100e-02,0.000000000000000000e+00,0.000000000000000000e+00,2.328791822054355337e-02
0.000000000000000000e+00,9.450647549672788143e-05,0.000000000000000000e+00,5.467874624806701557e-04,0.000000000000000000e+00,0.000000000000000000e+00,0.000000000000000000e+00,5.299112983301790605e-03,0.000000000000000000e+00,2.295157117400620293e-04,0.000000000000000000e+00,0.000000000000000000e+00,1.559356825443222044e-03,6.750462824806104643e-05,0.000000000000000000e+00,1.397345721698433144e-03,0.000000000000000000e+00,4.880584320568273626e-03,6.662706401002587916e-03,0.000000000000000000e+00,2.011637792174376157e-03,0.000000000000000000e+00,6.750462824806104643e-05,0.000000000000000000e+00,1.220483602979516823e-02,0.000000000000000000e+00,3.969271889851419023e-03,5.326114830550458118e-03,9.180628874658239638e-03,0.000000000000000000e+00,0.000000000000000000e+00,0.000000000000000000e+00,2.569901039229410475e-02,0.000000000000000000e+00,4.934588015065606917e-03,2.497671083155955131e-03,0.000000000000000000e+00,0.000000000000000000e+00,3.221995705979881219e-02,0.000000000000000000e+00,0.000000000000000000e+00,1.059147550985461289e-02,1.373044053098796541e-02,0.000000000000000000e+00,0.000000000000000000e+00,1.207657723004801516e-02,3.598671510541161939e-02,0.000000000000000000e+00,4.802278953420745927e-02,0.000000000000000000e+00,1.499952745293924722e-02,9.545153842894423327e-03,1.388570117798378599e-02,1.692340924661865295e-02,2.025813769574721923e-02,1.904305446829326898e-02,1.096275095509255393e-02,0.000000000000000000e+00,0.000000000000000000e+00,0.000000000000000000e+00,2.163523202694595665e-02,0.000000000000000000e+00,1.433123166771318145e-02,1.209682864080050164e-02,4.543061199580756583e-03,8.174809968444657696e-03,0.000000000000000000e+00,2.028513954299588501e-02,7.108236910984772408e-03,1.833425592232060253e-02,0.000000000000000000e+00,2.275580877890317349e-02,7.020480892237013822e-04,3.261823435228541901e-02,9.842174182882548056e-03,1.720017821635986752e-02,1.192806708030674269e-02,5.319364373801488063e-03,0.000000000000000000e+00,6.601952229503496410e-03,2.207401199916801757e-03,2.362661846912621037e-03,5.670388408286945216e-03,1.149603748382249657e-02,3.550743227117901177e-03,1.163779719706758975e-02,7.621272049215018461e-03,0.000000000000000000e+00,8.370573457198235293e-04,5.278861613054882176e-03,0.000000000000000000e+00,1.194831845055365112e-02,0.000000000000000000e+00,3.942270042602752378e-03,0.000000000000000000e+00,8.816103906422055950e-03,6.757212876499315256e-03,1.726768282435513918e-02,1.134077683682667773e-02,2.673183120651471435e-03,1.552606348441464262e-03,2.983704374137534105e-03,4.070528842349904579e-03,0.000000000000000000e+00,0.000000000000000000e+00,2.794691443396866287e-03,6.264429108515979366e-03,0.000000000000000000e+00,0.000000000000000000e+00,1.927932063678230654e-02,0.000000000000000000e+00,2.179049265368898647e-02,2.430841512734463819e-02,2.775115094521508549e-02,1.485776775994694307e-02,1.477001174119918492e-02,1.752420040359665629e-02,0.000000000000000000e+00,2.220902133667529421e-02,1.765245918309102380e-02,6.520946687757496474e-03,2.973578689014079457e-02,0.000000000000000000e+00,3.301651162451924026e-02,2.437591975559269888e-02,0.000000000000000000e+00,3.678326964987926190e-02,0.000000000000000000e+00
0.000000000000000000e+00,1.324094091307372089e-04,0.000000000000000000e+00,1.691897907470888839e-04,0.000000000000000000e+00,0.000000000000000000e+00,0.000000000000000000e+00,4.295949738081624759e-03,0.000000000000000000e+00,1.986141136961058404e-04,2.398081525827778279e-03,0.000000000000000000e+00,7.356080737254237439e-06,0.000000000000000000e+00,0.000000000000000000e+00,1.118123896874012287e-03,0.000000000000000000e+00,6.657250882293051092e-03,3.295523088863841488e-03,0.000000000000000000e+00,3.148401518258596085e-03,0.000000000000000000e+00,0.000000000000000000e+00,0.000000000000000000e+00,1.341013079210048864e-02,0.000000000000000000e+00,0.000000000000000000e+00,1.407953391849142873e-02,0.000000000000000000e+00,4.877079939765353520e-03,7.871003740471689937e-04,0.000000000000000000e+00,2.967441998331900310e-02,0.000000000000000000e+00,1.132836058348520589e-03,7.672389692985343533e-03,0.000000000000000000e+00,0.000000000000000000e+00,3.500022069356742427e-02,0.000000000000000000e+00,0.000000000000000000e+00,1.494755115857847490e-02,1.122537554144332518e-02,0.000000000000000000e+00,0.000000000000000000e+00,2.081770166682436057e-02,3.728796103040631776e-02,0.000000000000000000e+00,3.605949596661332107e-02,0.000000000000000000e+00,1.005575907940853275e-02,1.736770092661801476e-02,1.443262568353003567e-02,7.334010089421245764e-03,2.573891809101323813e-02,2.760736198031806671e-02,6.436568548455102665e-03,0.000000000000000000e+00,0.000000000000000000e+00,0.000000000000000000e+00,1.975107031304120658e-02,0.000000000000000000e+00,1.282900059041676075e-02,6.988274405119895144e-03,9.952773971156892580e-03,4.347442281172484574e-03,0.000000000000000000e+00,2.045725384311841699e-02,1.060746495814324404e-02,1.007782732162029564e-02,0.000000000000000000e+00,3.044680819589165935e-02,0.000000000000000000e+00,2.611407805412376687e-02,4.752026611371871004e-03,2.215650794167615956e-02,5.311088548773916333e-03,1.019552456927652444e-02,1.132836058348520589e-03,6.576334016253174673e-03,2.810021914694498749e-03,8.886142617373742059e-03,0.000000000000000000e+00,1.891247737383325647e-02,0.000000000000000000e+00,1.654382014888457555e-02,6.848508915251902592e-03,0.000000000000000000e+00,0.000000000000000000e+00,5.178679139643179233e-03,1.346162333519134759e-03,0.000000000000000000e+00,0.000000000000000000e+00,2.942432294901694976e-05,0.000000000000000000e+00,0.000000000000000000e+00,6.804372452898296494e-03,1.513880919153732726e-02,1.345426725445409387e-02,1.191684682176634988e-03,4.523988174726747448e-03,0.000000000000000000e+00,4.295949738081624759e-03,0.000000000000000000e+00,0.000000000000000000e+00,0.000000000000000000e+00,7.495843821501000336e-03,2.206823492868926779e-03,0.000000000000000000e+00,1.929499346182088002e-02,0.000000000000000000e+00,2.605522943029564900e-02,8.525694771597881402e-03,2.538582630390471065e-02,2.580512277350868744e-02,4.457783470161379331e-03,3.697900574979123139e-02,5.884862382811437885e-05,1.167409631192639630e-02,1.797089934844358847e-02,1.655853231035908646e-02,2.175192361147677486e-02,1.816951346213969412e-03,3.715555164334549687e-02,3.004957996849945065e-02,0.000000000000000000e+00,0.000000000000000000e+00,4.173103236116310760e-02
0.000000000000000000e+00,1.341299757556531015e-05,0.000000000000000000e+00,0.000000000000000000e+00,0.000000000000000000e+00,1.341299757556531015e-05,0.000000000000000000e+00,2.729546847698617260e-03,0.000000000000000000e+00,1.073040610885039805e-04,2.977687453754040980e-03,0.000000000000000000e+00,0.000000000000000000e+00,0.000000000000000000e+00,2.394221686978535452e-03,0.000000000000000000e+00,0.000000000000000000e+00,8.336183596911052318e-03,5.512745705820491782e-03,0.000000000000000000e+00,6.579079727373269952e-03,0.000000000000000000e+00,4.694552169597164521e-05,0.000000000000000000e+00,1.689368180472640077e-02,0.000000000000000000e+00,0.000000000000000000e+00,1.356054966370743436e-02,6.693090297310053810e-03,0.000000000000000000e+00,1.477442675919640735e-02,0.000000000000000000e+00,2.858311704908026232e-02,0.000000000000000000e+00,0.000000000000000000e+00,8.148401510127165764e-03,0.000000000000000000e+00,0.000000000000000000e+00,3.956166293902527165e-02,0.000000000000000000e+00,0.000000000000000000e+00,1.690038831357467894e-02,7.256436557661713471e-03,0.000000000000000000e+00,0.000000000000000000e+00,1.216559699028285473e-02,4.638217678372668490e-02,0.000000000000000000e+00,2.720157737323124561e-02,2.011950642384565348e-05,5.190833542675975069e-03,1.187051084241046335e-02,1.494879584840472751e-02,2.180284221722654514e-02,2.771797813200792965e-02,2.113219189578637719e-02,1.321181156577477377e-03,0.000000000000000000e+00,0.000000000000000000e+00,1.368126678273449016e-03,1.345324562273992643e-02,0.000000000000000000e+00,3.634924777618639500e-03,1.429155852454013116e-02,7.819782838134368280e-03,5.298137603764479023e-03,0.000000000000000000e+00,2.679918716427035635e-02,1.736984353053439359e-02,3.078285005994264596e-03,0.000000000000000000e+00,4.283443654065170053e-02,0.000000000000000000e+00,2.343922902810025369e-02,1.931472958746104042e-03,2.517621337109320068e-02,3.152056542962362439e-03,5.673701797453247278e-03,1.394952693545575004e-03,2.669188308306085378e-03,4.479944208388120588e-03,5.653582270908406697e-03,6.679677279613493134e-03,5.157301038676564975e-03,0.000000000000000000e+00,1.324534400941119842e-02,4.077553999427225261e-03,1.173638082641281907e-03,0.000000000000000000e+00,3.004513469026166752e-03,0.000000000000000000e+00,2.746313099698322741e-02,0.000000000000000000e+00,5.204246560372535746e-03,0.000000000000000000e+00,1.270211723536238818e-02,0.000000000000000000e+00,5.452387186548954615e-03,0.000000000000000000e+00,7.632000751350481726e-03,4.023901989003968865e-03,3.339838629746248559e-03,7.598468247351071632e-03,0.000000000000000000e+00,0.000000000000000000e+00,4.667726295172006275e-03,0.000000000000000000e+00,0.000000000000000000e+00,2.957567947330195547e-03,2.209792836509893305e-02,0.000000000000000000e+00,4.303563166525314898e-02,2.950861458602910790e-03,3.213085727203424113e-02,1.492196983313260304e-02,0.000000000000000000e+00,2.398245578202807052e-02,1.682661677660658023e-02,1.525729499385268528e-02,2.293624126689914125e-02,1.024083054038503124e-02,1.079076380316112450e-02,1.313133345959540711e-02,2.591392874077417391e-02,2.822767236181533690e-02,0.000000000000000000e+00,0.000000000000000000e+00,2.282223071708334994e-02
0.000000000000000000e+00,4.262264434807466816e-04,0.000000000000000000e+00,3.014772420322163449e-04,0.000000000000000000e+00,1.507386194566277468e-03,0.000000000000000000e+00,3.321447504161923522e-03,0.000000000000000000e+00,8.836401873236257847e-04,3.508571306334719569e-03,0.000000000000000000e+00,0.000000000000000000e+00,0.000000000000000000e+00,1.767280405836860083e-04,2.307860242392615214e-03,0.000000000000000000e+00,6.710467497640069251e-03,1.626937507422851091e-03,0.000000000000000000e+00,6.642895023918651137e-03,0.000000000000000000e+00,0.000000000000000000e+00,0.000000000000000000e+00,1.479317622680877652e-02,0.000000000000000000e+00,0.000000000000000000e+00,1.041136049473954071e-02,0.000000000000000000e+00,1.019304939220461344e-02,1.002671712880484102e-02,0.000000000000000000e+00,2.294865530269605408e-02,0.000000000000000000e+00,0.000000000000000000e+00,8.607694946733003560e-03,0.000000000000000000e+00,0.000000000000000000e+00,3.486740199200187573e-02,0.000000000000000000e+00,0.000000000000000000e+00,1.998066387970150182e-02,8.352998655243987908e-03,0.000000000000000000e+00,6.133502456535421324e-04,7.926772227358044182e-03,3.240360524779859613e-02,0.000000000000000000e+00,1.917499194328320736e-02,0.000000000000000000e+00,0.000000000000000000e+00,1.648248831936108966e-02,1.374840163348772792e-02,5.119915163576503961e-03,4.783612113203108973e-02,1.820818563205709936e-02,1.954404176820047183e-03,0.000000000000000000e+00,0.000000000000000000e+00,1.228259851646749598e-02,4.776854859593045698e-03,0.000000000000000000e+00,1.242294136809709258e-02,5.135508829352374537e-03,0.000000000000000000e+00,1.993388292915830584e-02,0.000000000000000000e+00,1.793789567479221053e-02,1.391473391248230357e-02,4.620918357782382614e-03,0.000000000000000000e+00,4.499287891048506932e-02,0.000000000000000000e+00,1.417982598115523352e-02,3.560550129875070333e-03,2.725250276826515772e-02,1.923216867101032110e-02,0.000000000000000000e+00,1.293753183966708450e-02,0.000000000000000000e+00,3.316249615569966808e-03,1.683594440052846308e-02,0.000000000000000000e+00,1.611863649219941186e-02,0.000000000000000000e+00,2.142047758495155968e-02,1.423180480469558688e-02,0.000000000000000000e+00,0.000000000000000000e+00,1.354568419672867036e-02,1.485035293894108703e-02,0.000000000000000000e+00,0.000000000000000000e+00,1.388354661212017234e-02,0.000000000000000000e+00,1.502188309093281486e-02,0.000000000000000000e+00,1.650327985813411155e-02,0.000000000000000000e+00,1.582235715435395887e-02,1.002151924021288387e-02,3.045959689494687466e-03,1.964799938409156517e-03,0.000000000000000000e+00,0.000000000000000000e+00,1.164325885904377890e-02,0.000000000000000000e+00,1.281798052681050980e-02,0.000000000000000000e+00,1.858243323640269146e-02,1.133138590220686458e-03,1.987150831283923669e-02,6.845612460677710440e-03,2.315657064364187376e-02,1.727256662119312433e-02,9.621282208502312736e-03,1.288035512753477746e-02,1.417982598115523352e-02,1.942449034618027107e-02,1.409665984165794916e-02,7.973553162306440401e-03,1.151850965759524704e-02,4.080338490037019837e-03,2.673271443929281857e-02,2.121776013259769889e-02,0.000000000000000000e+00,0.000000000000000000e+00,2.612456206663642602e-02
0.000000000000000000e+00,5.404968556103088503e-04,0.000000000000000000e+00,4.394694036973095254e-04,9.900690075299778316e-04,1.394178800026678409e-03,0.000000000000000000e+00,3.242981118506555946e-03,0.000000000000000000e+00,1.035531351797649297e-03,3.101542688859416658e-03,0.000000000000000000e+00,0.000000000000000000e+00,1.464897961806708982e-04,2.773203485297465968e-03,0.000000000000000000e+00,0.000000000000000000e+00,5.849489311178632592e-03,2.616610925739138675e-03,5.096834803519965582e-03,2.247860744443047534e-03,0.000000000000000000e+00,0.000000000000000000e+00,0.000000000000000000e+00,1.464898013334718120e-02,0.000000000000000000e+00,0.000000000000000000e+00,1.148682097030890789e-02,0.000000000000000000e+00,1.079983431851792679e-02,1.003202569610336936e-02,0.000000000000000000e+00,1.914975298876681054e-02,0.000000000000000000e+00,0.000000000000000000e+00,1.167372174422371886e-02,0.000000000000000000e+00,0.000000000000000000e+00,3.497065152186995540e-02,0.000000000000000000e+00,0.000000000000000000e+00,2.250891567394225704e-02,6.097006559272303249e-03,0.000000000000000000e+00,1.171918414911257787e-03,2.996979278857415940e-02,0.000000000000000000e+00,0.000000000000000000e+00,2.703494539234013380e-02,8.587333109499004644e-04,0.000000000000000000e+00,1.509855227011155411e-02,1.096652961114331915e-02,1.312346566705101941e-02,5.189274924748314005e-02,1.297192447402622725e-02,2.475172480936702231e-04,0.000000000000000000e+00,0.000000000000000000e+00,0.000000000000000000e+00,1.661396400334065257e-02,0.000000000000000000e+00,1.412868875902629703e-02,0.000000000000000000e+00,0.000000000000000000e+00,1.997312670367139970e-02,0.000000000000000000e+00,1.821019770719333256e-02,1.807381065923501992e-02,2.793408981742184338e-03,0.000000000000000000e+00,3.678914561083805601e-02,0.000000000000000000e+00,2.087732237404426802e-02,2.439812900046686890e-03,2.743400381830330206e-02,2.027620904425509948e-02,0.000000000000000000e+00,0.000000000000000000e+00,1.270420172948783823e-02,0.000000000000000000e+00,1.472475070712663675e-02,0.000000000000000000e+00,1.603305618515150216e-02,0.000000000000000000e+00,0.000000000000000000e+00,1.176969782960318733e-02,1.487629188499613696e-02,0.000000000000000000e+00,1.705343342219326278e-02,0.000000000000000000e+00,1.462372327036893377e-02,0.000000000000000000e+00,1.551781619251944334e-02,0.000000000000000000e+00,1.604821029990739431e-02,0.000000000000000000e+00,1.773536869229541332e-02,0.000000000000000000e+00,1.779598516647427214e-02,0.000000000000000000e+00,8.168069262867600974e-03,2.667124651695638310e-03,0.000000000000000000e+00,0.000000000000000000e+00,0.000000000000000000e+00,8.375175533227131180e-03,1.130497156292762685e-02,0.000000000000000000e+00,1.551276481083061452e-02,0.000000000000000000e+00,2.246345331451928690e-02,2.919693281478136487e-03,2.570643443302584805e-02,1.056747118518014741e-02,0.000000000000000000e+00,2.735318186283501943e-02,1.341139387772353510e-02,3.463726095177447478e-02,1.274461270722197781e-02,1.246173584792769837e-02,2.225129567762622676e-02,0.000000000000000000e+00,2.515583484434847500e-02,2.061970237772823775e-02,0.000000000000000000e+00,0.000000000000000000e+00,2.300900155181842197e-02
0.000000000000000000e+00,7.243133951844280168e-04,0.000000000000000000e+00,1.074936452241506257e-03,8.073556956219122291e-04,3.210968968704495333e-03,0.000000000000000000e+00,2.671194015860847790e-03,0.000000000000000000e+00,7.612210919573816729e-04,1.573190254866411748e-03,0.000000000000000000e+00,0.000000000000000000e+00,2.168326718266166638e-04,3.690768985228905599e-04,0.000000000000000000e+00,0.000000000000000000e+00,1.042642221371537468e-02,5.111714958033725976e-03,0.000000000000000000e+00,6.541887920778098435e-03,0.000000000000000000e+00,0.000000000000000000e+00,1.005734525982716681e-03,1.812628888717246131e-02,0.000000000000000000e+00,0.000000000000000000e+00,1.177816632946805143e-02,0.000000000000000000e+00,1.158901441984015387e-02,1.378040847454190844e-02,0.000000000000000000e+00,2.239835392009844120e-02,0.000000000000000000e+00,0.000000000000000000e+00,1.407566999336022119e-02,0.000000000000000000e+00,0.000000000000000000e+00,3.718449692062306827e-02,0.000000000000000000e+00,0.000000000000000000e+00,2.265670775598512682e-02,6.449618699607708415e-03,0.000000000000000000e+00,8.027422421761238333e-04,3.383512411324231944e-02,0.000000000000000000e+00,0.000000000000000000e+00,2.707640353447893569e-02,9.965076052498105484e-04,0.000000000000000000e+00,1.977329452174345428e-02,1.271469895687463679e-02,1.882753498744528867e-02,4.168262155994989504e-02,1.218415092476389516e-02,2.168326718266166638e-04,0.000000000000000000e+00,0.000000000000000000e+00,9.785151118968429471e-03,1.018652223313582829e-02,0.000000000000000000e+00,1.284387584713532308e-02,1.304686815862457321e-02,1.366968541190570659e-02,3.649247779644846507e-03,0.000000000000000000e+00,3.067028976204368498e-02,1.720821012891434951e-02,2.518949789164573894e-03,0.000000000000000000e+00,2.685034392807808187e-02,1.919199844636372250e-03,8.617945431715205371e-03,3.049036480083134812e-02,1.150135866595687964e-02,1.487379876824922870e-02,1.411719107437231502e-03,0.000000000000000000e+00,1.481843723001046061e-02,1.796481773974328497e-02,0.000000000000000000e+00,1.753115243761403826e-03,1.234562205835174585e-02,1.814935619592539240e-02,0.000000000000000000e+00,1.443090650386308696e-02,0.000000000000000000e+00,3.556978558474455619e-03,4.258224644905953850e-03,5.397749528436474346e-04,1.234562205835174585e-02,0.000000000000000000e+00,1.516906028706753798e-02,0.000000000000000000e+00,1.155672020419564600e-02,8.350364716619598608e-04,2.194162126769227603e-02,0.000000000000000000e+00,1.149674519866976212e-02,0.000000000000000000e+00,1.039412798422953768e-02,1.476307566408903774e-03,0.000000000000000000e+00,0.000000000000000000e+00,8.198120476081994720e-03,7.727547435655807845e-03,0.000000000000000000e+00,0.000000000000000000e+00,1.265472395134875465e-02,4.751864994085070945e-03,1.139986252405358370e-02,1.794175043099035388e-02,7.538395539869239409e-03,4.438149619959617237e-03,1.597180251540233561e-02,5.702237981829020620e-03,1.293614508214704223e-02,4.035394473910882546e-02,1.254861434215833772e-02,7.944380107482424888e-03,2.324261731249330915e-02,0.000000000000000000e+00,2.774996885871171617e-02,2.197391549717811476e-02,0.000000000000000000e+00,1.400646806710142966e-02,0.000000000000000000e+00
0.000000000000000000e+00,2.159563880805393538e-05,0.000000000000000000e+00,0.000000000000000000e+00,1.295737676813534238e-04,1.583679455179842169e-04,0.000000000000000000e+00,3.556080256848391172e-03,0.000000000000000000e+00,0.000000000000000000e+00,5.010185944346878806e-03,0.000000000000000000e+00,0.000000000000000000e+00,0.000000000000000000e+00,2.389916282549240257e-03,0.000000000000000000e+00,0.000000000000000000e+00,8.782222480664193462e-03,3.505690461926029219e-03,5.701246060369754426e-03,2.073180391513271444e-03,0.000000000000000000e+00,0.000000000000000000e+00,0.000000000000000000e+00,1.283500219115226750e-02,0.000000000000000000e+00,0.000000000000000000e+00,1.290698762488268203e-02,0.000000000000000000e+00,1.023632816816268110e-02,5.794827132908223280e-03,0.000000000000000000e+00,2.505812823904065428e-02,0.000000000000000000e+00,1.076182179963899518e-02,0.000000000000000000e+00,0.000000000000000000e+00,3.829624883301645244e-02,0.000000000000000000e+00,0.000000000000000000e+00,0.000000000000000000e+00,1.651345767665343342e-02,0.000000000000000000e+00,6.637056655420505748e-03,2.965799730670238589e-03,3.466818316415997553e-02,0.000000000000000000e+00,0.000000000000000000e+00,2.736886052710857734e-02,0.000000000000000000e+00,1.154646300992266152e-02,9.552466569446060526e-03,4.441501035254458683e-03,5.504005988891828155e-02,7.256131359435288690e-03,1.721891489245578472e-02,0.000000000000000000e+00,0.000000000000000000e+00,7.198539028576845000e-06,8.990980221104538303e-03,1.217993479199460001e-02,0.000000000000000000e+00,2.207073289128468063e-02,0.000000000000000000e+00,1.215833915318654569e-02,8.443890950820169897e-03,0.000000000000000000e+00,1.455545397476436242e-02,2.654102808265344435e-02,1.027951944577878800e-02,0.000000000000000000e+00,3.038505007442349887e-02,0.000000000000000000e+00,3.154401548797174798e-02,2.441745789621781876e-02,2.159562903300840664e-03,5.204546606730071565e-03,7.169748847647720337e-03,0.000000000000000000e+00,4.931001971587887361e-03,7.421697843981850222e-03,3.325726877599991579e-03,2.785836146344200515e-03,1.103536643478117939e-02,0.000000000000000000e+00,0.000000000000000000e+00,4.535082107792926670e-03,1.360524636682342589e-03,0.000000000000000000e+00,1.405875449940235597e-02,1.917691859434485918e-02,0.000000000000000000e+00,0.000000000000000000e+00,1.500896219423258383e-02,0.000000000000000000e+00,1.707494402499495564e-02,0.000000000000000000e+00,1.767962165095258650e-02,3.620867129827906074e-03,3.304131238791937694e-03,1.019313691226889779e-02,0.000000000000000000e+00,0.000000000000000000e+00,4.326324345630258236e-03,0.000000000000000000e+00,1.375641570814586413e-02,0.000000000000000000e+00,0.000000000000000000e+00,1.361964340143593383e-02,8.544670562387215659e-03,1.166163967782453924e-02,1.388598947582721926e-02,3.389074051462721143e-02,1.859383658547296078e-02,4.736641309204695470e-03,2.913970212736535781e-02,1.423871808372839318e-02,3.095373498351591986e-03,1.573601502712066585e-02,2.214991684232135022e-02,4.715045670396642019e-03,2.136527565376000401e-02,0.000000000000000000e+00,4.689850775107693576e-02,1.054586552017007343e-02,0.000000000000000000e+00,2.483497333365385952e-03,1.456985105282151624e-02
0.000000000000000000e+00,8.302246629727290817e-04,0.000000000000000000e+00,1.817518871875732590e-03,6.619358879440173562e-04,5.418898826766239789e-03,0.000000000000000000e+00,2.984321101833492442e-03,0.000000000000000000e+00,2.243850440924338198e-03,0.000000000000000000e+00,0.000000000000000000e+00,0.000000000000000000e+00,2.019465469620617640e-04,4.655989639949779826e-04,0.000000000000000000e+00,0.000000000000000000e+00,1.123608110751597201e-02,4.179171463783972786e-03,4.095027067805813263e-03,3.040417348891324804e-03,0.000000000000000000e+00,5.777914919658576169e-04,0.000000000000000000e+00,1.738984097217834493e-02,0.000000000000000000e+00,0.000000000000000000e+00,1.192045550443968788e-02,0.000000000000000000e+00,1.632401200723780990e-02,0.000000000000000000e+00,0.000000000000000000e+00,3.726474631026185230e-02,0.000000000000000000e+00,1.563402798730107596e-02,0.000000000000000000e+00,0.000000000000000000e+00,3.710767678125918845e-02,0.000000000000000000e+00,0.000000000000000000e+00,0.000000000000000000e+00,1.354163745236638093e-02,5.867668921722150356e-03,0.000000000000000000e+00,8.291027400628852434e-03,3.116147310349950961e-02,0.000000000000000000e+00,0.000000000000000000e+00,2.449162763386973987e-02,0.000000000000000000e+00,1.292457858238175820e-02,1.495526323031799200e-02,4.975738354823351639e-03,4.970689704268196202e-02,2.004880373612524455e-02,0.000000000000000000e+00,2.412139249808265213e-04,0.000000000000000000e+00,0.000000000000000000e+00,9.211006082592764974e-03,9.783187951545599739e-03,0.000000000000000000e+00,2.368384146294910328e-02,0.000000000000000000e+00,0.000000000000000000e+00,2.698230162278792907e-02,8.694920409914937576e-04,2.391383612497627667e-02,1.036097942658384917e-02,1.670546657525463080e-02,0.000000000000000000e+00,3.154292765458872189e-02,0.000000000000000000e+00,2.961882589468273902e-02,2.404285752198622589e-02,1.268897428041395464e-02,1.038902757550417763e-02,0.000000000000000000e+00,0.000000000000000000e+00,2.726278290885991024e-03,0.000000000000000000e+00,1.028805429355934310e-02,0.000000000000000000e+00,3.014613076260378582e-02,1.452893164434177625e-02,0.000000000000000000e+00,0.000000000000000000e+00,1.946540263807397184e-02,0.000000000000000000e+00,1.504501724930917307e-02,1.036097946043906468e-02,0.000000000000000000e+00,0.000000000000000000e+00,1.977393207306628320e-02,0.000000000000000000e+00,1.452332202132875470e-02,2.692620535880248765e-03,8.722968609618087996e-03,3.158219499875227019e-03,7.460802737656124436e-03,7.673968530644230575e-03,0.000000000000000000e+00,0.000000000000000000e+00,0.000000000000000000e+00,1.436064286931306409e-02,0.000000000000000000e+00,0.000000000000000000e+00,9.923428611509198943e-03,1.806299608922080002e-03,0.000000000000000000e+00,2.428407148082226477e-02,4.521358653782026407e-03,9.687824309541395382e-03,7.920792078638079839e-03,9.065155816543751105e-03,2.427285220094100443e-02,2.507502874884862034e-03,1.294701707443384787e-02,6.288390884685341083e-03,9.306369724596967596e-03,4.818668825820684315e-03,2.018904441301645064e-02,2.513112497897884452e-03,4.971811630563561374e-02,1.518525790927277401e-02,0.000000000000000000e+00,6.394973789643199329e-04,1.408577118932649586e-02
0.000000000000000000e+00,8.117738800375482681e-04,0.000000000000000000e+00,0.000000000000000000e+00,2.604001945672344571e-03,3.141670366953438608e-03,0.000000000000000000e+00,2.809581043716322894e-03,0.000000000000000000e+00,5.851097418102884327e-04,4.849558287761660978e-04,0.000000000000000000e+00,0.000000000000000000e+00,1.581378411409884862e-05,1.170219499527127898e-03,0.000000000000000000e+00,0.000000000000000000e+00,1.205009803899628924e-02,2.456406696202477133e-03,7.068758301785411403e-03,1.249288372377968829e-03,0.000000000000000000e+00,3.742593876971274901e-04,0.000000000000000000e+00,1.647795558671852692e-02,0.000000000000000000e+00,0.000000000000000000e+00,1.007337593140734781e-02,0.000000000000000000e+00,1.381069855230943923e-02,2.672528306384820695e-03,0.000000000000000000e+00,2.914479093575330498e-02,0.000000000000000000e+00,1.238745861830258845e-02,0.000000000000000000e+00,0.000000000000000000e+00,2.106922216802473158e-02,4.375144955217308979e-03,0.000000000000000000e+00,0.000000000000000000e+00,9.324857140106541584e-03,1.240327240241668669e-02,0.000000000000000000e+00,0.000000000000000000e+00,2.271912624025883981e-02,0.000000000000000000e+00,0.000000000000000000e+00,1.277753179011381461e-02,1.186033267734675541e-03,5.429396757596216191e-03,1.559238407399276931e-02,6.286503466869870771e-02,1.243489995473833279e-02,9.219431971003236304e-03,7.189997255002814058e-03,0.000000000000000000e+00,1.950365859056131914e-04,0.000000000000000000e+00,1.621439265600698940e-02,1.466991375287618297e-02,0.000000000000000000e+00,1.072701204983666362e-02,0.000000000000000000e+00,8.581609636688018738e-03,2.442701414516051245e-02,0.000000000000000000e+00,1.931916418275649722e-02,1.140700444861189079e-02,3.673540389061225736e-02,0.000000000000000000e+00,2.376810677066201749e-02,0.000000000000000000e+00,2.743163175887589414e-02,1.281970185457382422e-02,2.546018097098234120e-03,1.105910135716722809e-02,0.000000000000000000e+00,0.000000000000000000e+00,1.828599742056087260e-02,0.000000000000000000e+00,1.352077930943888784e-02,0.000000000000000000e+00,2.378919181084529488e-02,1.552912896934947537e-02,0.000000000000000000e+00,1.475425389770275604e-02,0.000000000000000000e+00,0.000000000000000000e+00,1.687857127066811833e-02,0.000000000000000000e+00,6.826280395350603492e-03,0.000000000000000000e+00,1.932970671080141284e-02,0.000000000000000000e+00,1.943513189581126677e-02,0.000000000000000000e+00,1.125413794307283943e-02,0.000000000000000000e+00,1.097476121234065155e-02,7.827819589318031623e-03,0.000000000000000000e+00,0.000000000000000000e+00,6.098846644233078124e-03,0.000000000000000000e+00,9.440824853161312868e-03,0.000000000000000000e+00,6.942248092498825261e-03,0.000000000000000000e+00,0.000000000000000000e+00,2.161216184537500737e-02,1.459611615200107591e-02,1.312543488155847905e-02,1.168110992327489606e-02,2.275602504864967027e-02,1.196575795779592031e-03,1.220296454453534060e-02,5.327134330999834522e-02,7.010774453211300085e-03,9.114006801899931023e-03,2.519661800845770204e-03,2.829084699125574559e-02,0.000000000000000000e+00,3.268707698665632849e-02,1.330992893941917478e-02,0.000000000000000000e+00,1.159676971482211843e-03,1.870242688862456051e-02
0.000000000000000000e+00,1.585526414043217109e-03,0.000000000000000000e+00,1.269364887887989299e-03,0.000000000000000000e+00,6.384575075804544038e-03,3.373962445147873739e-03,0.000000000000000000e+00,0.000000000000000000e+00,7.833255408106909066e-04,7.502937446713221856e-04,0.000000000000000000e+00,0.000000000000000000e+00,3.397556560836787745e-04,2.038533950741609497e-03,0.000000000000000000e+00,0.000000000000000000e+00,1.398660795365448163e-02,0.000000000000000000e+00,1.149978529220017226e-02,0.000000000000000000e+00,0.000000000000000000e+00,6.370418640566083554e-04,0.000000000000000000e+00,2.009277216814746650e-02,0.000000000000000000e+00,1.284465143857781676e-02,0.000000000000000000e+00,0.000000000000000000e+00,1.640264821108390614e-02,1.645927415139126354e-02,0.000000000000000000e+00,1.701609593097252321e-02,0.000000000000000000e+00,1.424614353950235529e-02,0.000000000000000000e+00,0.000000000000000000e+00,1.935191607544752695e-02,7.705847106493273445e-03,0.000000000000000000e+00,0.000000000000000000e+00,1.167910077933316006e-02,0.000000000000000000e+00,1.307115522828631790e-02,2.609512222519480736e-03,2.096103663365873199e-02,0.000000000000000000e+00,0.000000000000000000e+00,7.517093953149367458e-03,2.307507188560860810e-03,7.163181804869081341e-03,2.171133039256959232e-02,6.424213253955043945e-02,2.638297069575912951e-02,8.805334159219654552e-03,0.000000000000000000e+00,0.000000000000000000e+00,0.000000000000000000e+00,1.842702568386844417e-02,0.000000000000000000e+00,1.379785482878965151e-02,0.000000000000000000e+00,7.550125763528274005e-03,1.721428672204827412e-02,3.227678768393790754e-03,2.939358332641579807e-02,0.000000000000000000e+00,1.364213347158511544e-02,8.319294826381893118e-03,3.300348721324355278e-02,0.000000000000000000e+00,2.449543924775729464e-02,1.840343145426323471e-03,2.679350877010723900e-02,5.171836142463448124e-03,1.433580127594908001e-02,1.522765988562833211e-02,0.000000000000000000e+00,0.000000000000000000e+00,1.643568000722327171e-02,0.000000000000000000e+00,1.209435769390649305e-02,2.601018322929654972e-02,0.000000000000000000e+00,1.782301561595120432e-02,0.000000000000000000e+00,1.069286560722149115e-02,0.000000000000000000e+00,0.000000000000000000e+00,1.633186577857994107e-02,0.000000000000000000e+00,1.354303806892746993e-02,0.000000000000000000e+00,1.981908010434252701e-02,0.000000000000000000e+00,1.489262305553034314e-02,0.000000000000000000e+00,1.114115431793419493e-02,0.000000000000000000e+00,1.111756017376620657e-02,8.243793553652701070e-03,0.000000000000000000e+00,0.000000000000000000e+00,9.447094849261953795e-03,0.000000000000000000e+00,5.969318175470745939e-03,0.000000000000000000e+00,8.432546706996607924e-03,0.000000000000000000e+00,0.000000000000000000e+00,1.289183972691379347e-02,1.261814766310885051e-02,8.026727444394653882e-03,9.163965133485631881e-03,1.261342883712315843e-02,9.107339278615499047e-04,1.345809917270597393e-02,2.307979068311522344e-02,4.530075466660686383e-03,1.842702568386844417e-02,0.000000000000000000e+00,3.263069976102050962e-02,2.260318898800930260e-02,5.634281345372757835e-03,1.065983379684258547e-02,0.000000000000000000e+00,5.709782603862412383e-03,1.938966671181212298e-02
